﻿<parameters>
  <parameter name="IIS Web Application Name" defaultValue="RSRPGSite" tags="IisApp">
    <parameterEntry kind="ProviderPath" scope="IisApp" match="^C:\\Users\\rolands\.strakis\\Documents\\Visual\ Studio\ 2015\\Projects\\RPGSite\\RPGSite\\obj\\Release\\Package\\PackageTmp$" />
    <parameterEntry kind="ProviderPath" scope="setAcl" match="^C:\\Users\\rolands\.strakis\\Documents\\Visual\ Studio\ 2015\\Projects\\RPGSite\\RPGSite\\obj\\Release\\Package\\PackageTmp$" />
  </parameter>
  <parameter name="DefaultConnection-Web.config Connection String" defaultValue="Data Source=(LocalDb)\MSSQLLocalDB;AttachDbFilename=|DataDirectory|\RPGSite.mdf;Initial Catalog=RPGSite;Integrated Security=True">
    <parameterEntry kind="XmlFile" scope="C:\\Users\\rolands\.strakis\\Documents\\Visual\ Studio\ 2015\\Projects\\RPGSite\\RPGSite\\obj\\Release\\Package\\PackageTmp\\Web\.config$" match="/configuration/connectionStrings/add[@name='DefaultConnection']/@connectionString" />
  </parameter>
  <parameter name="DefaultConnection_DatabasePublish-Web.config Connection String" description="DefaultConnection Connection String used by Entity Framework Code First Model to deploy the database." defaultValue="DefaultConnection_DatabasePublish.ConnetionString">
    <parameterEntry kind="XmlFile" scope="C:\\Users\\rolands\.strakis\\Documents\\Visual\ Studio\ 2015\\Projects\\RPGSite\\RPGSite\\obj\\Release\\Package\\PackageTmp\\Web\.config$" match="/configuration/connectionStrings/add[@name='DefaultConnection_DatabasePublish']/@connectionString" />
  </parameter>
  <parameter name="RPGSiteEntities-Web.config Connection String" description="RPGSiteEntities Connection String used in web.config by the application to access the database." defaultValue="metadata=res://*/Diagramm.Model1.csdl|res://*/Diagramm.Model1.ssdl|res://*/Diagramm.Model1.msl;provider=System.Data.SqlClient;provider connection string=&quot;data source=(LocalDb)\MSSQLLocalDB;attachdbfilename=|DataDirectory|\RPGSite.mdf;initial catalog=RPGSite;integrated security=True;MultipleActiveResultSets=True;App=EntityFramework&quot;" tags="SqlConnectionString">
    <parameterEntry kind="XmlFile" scope="C:\\Users\\rolands\.strakis\\Documents\\Visual\ Studio\ 2015\\Projects\\RPGSite\\RPGSite\\obj\\Release\\Package\\PackageTmp\\Web\.config$" match="/configuration/connectionStrings/add[@name='RPGSiteEntities']/@connectionString" />
  </parameter>
</parameters>